Gender,Age group 3 6,Reference period,Newfoundland and Labrador,Prince Edward Island,Nova Scotia,New Brunswick,Quebec,Ontario,Manitoba,Saskatchewan,Alberta,British Columbia,Yukon,Northwest Territories,Nunavut
Men+,0 years,2014,"2,390",706,"4,234","3,598","44,907","71,720","8,444","7,672","27,981","22,657",229,341,443
Men+,,2015,"2,272",748,"4,351","3,390","44,306","71,707","8,627","7,813","28,480","23,206",221,364,460
Men+,,2016,"2,323",732,"4,297","3,391","44,486","71,997","8,554","7,790","28,585","23,174",227,337,460
Men+,,2017,"2,253",739,"4,230","3,403","43,414","72,532","8,651","7,838","28,041","23,187",226,311,472
Men+,,2018,"2,024",683,"4,196","3,272","42,903","72,840","8,938","7,723","27,138","22,698",227,343,453
Men+,,2019,"1,995",655,"4,102","3,289","43,005","72,032","8,514","7,473","26,625","22,297",234,288,452
Men+,,2020,"1,896",663,"4,091","3,230","43,401","71,740","8,304","7,311","25,936","22,290",210,301,435
Men+,,2021,"1,908",721,"3,965","3,283","42,269","70,420","8,356","7,208","25,080","22,117",231,296,458
Men+,,2022,"1,916",749,"4,017","3,360","42,983","70,616","8,457","6,863","24,833","22,094",222,260,377
Men+,,2023,"1,681",663,"3,790","3,169","40,447","68,947","8,180","6,612","24,592","21,164",212,234,391
Men+,1 year,2014,"2,294",669,"4,291","3,508","45,898","72,782","8,564","7,620","27,502","23,061",228,305,468
Men+,,2015,"2,449",716,"4,177","3,559","44,942","72,086","8,552","7,659","27,808","23,152",235,344,443
Men+,,2016,"2,314",763,"4,366","3,438","44,537","72,674","8,751","7,882","27,897","23,975",225,372,444
Men+,,2017,"2,345",755,"4,392","3,434","45,007","73,146","8,685","7,780","28,515","23,528",237,337,458
Men+,,2018,"2,253",773,"4,299","3,449","44,223","73,762","8,672","7,811","28,132","23,540",233,315,482
Men+,,2019,"2,022",714,"4,287","3,318","43,381","74,007","8,966","7,675","27,262","23,031",229,354,456
Men+,,2020,"2,028",667,"4,206","3,345","43,358","73,042","8,505","7,427","26,788","22,521",228,291,455
Men+,,2021,"1,918",669,"4,191","3,315","43,224","71,735","8,267","7,206","25,984","22,471",214,304,476
Men+,,2022,"1,935",732,"4,053","3,347","42,702","70,862","8,326","7,167","25,381","22,268",230,297,450
Men+,,2023,"1,977",767,"4,115","3,481","43,491","71,736","8,508","6,959","25,575","22,160",225,258,372
Men+,2 years,2014,"2,294",738,"4,548","3,592","45,280","73,884","8,248","7,411","27,199","22,936",242,313,420
Men+,,2015,"2,321",682,"4,280","3,510","45,972","73,266","8,669","7,636","27,587","23,531",240,300,465
Men+,,2016,"2,479",738,"4,220","3,552","45,238","73,223","8,769","7,706","27,706","23,804",239,351,440
Men+,,2017,"2,321",802,"4,463","3,521","45,059","73,959","8,846","7,899","27,995","24,238",230,361,439
Men+,,2018,"2,346",786,"4,477","3,480","45,951","74,632","8,795","7,786","28,604","23,874",243,329,459
Men+,,2019,"2,246",798,"4,389","3,498","44,921","75,107","8,745","7,782","28,315","23,909",241,317,493
Men+,,2020,"2,025",727,"4,389","3,361","43,839","75,059","9,024","7,601","27,431","23,388",235,363,459
Men+,,2021,"2,065",673,"4,302","3,401","43,592","73,537","8,536","7,404","26,793","22,782",216,296,457
Men+,,2022,"1,953",690,"4,353","3,426","43,825","72,480","8,253","7,216","26,404","22,725",217,297,478
Men+,,2023,"1,971",749,"4,207","3,478","43,511","72,158","8,392","7,259","26,165","22,483",242,293,454
Men+,3 years,2014,"2,524",754,"4,446","3,611","45,555","73,501","8,296","7,628","27,014","22,786",206,282,437
Men+,,2015,"2,318",745,"4,542","3,608","45,313","74,385","8,319","7,462","27,460","23,272",247,318,418
Men+,,2016,"2,365",712,"4,365","3,610","45,987","74,371","8,813","7,703","27,695","24,090",253,311,446
Men+,,2017,"2,489",775,"4,303","3,605","45,751","74,385","8,852","7,754","27,819","24,068",238,343,437
Men+,,2018,"2,307",829,"4,565","3,600","45,918","75,554","8,927","7,925","28,240","24,484",231,346,439
Men+,,2019,"2,348",798,"4,586","3,557","46,678","76,129","8,921","7,767","28,768","24,255",252,324,460
Men+,,2020,"2,238",812,"4,469","3,572","45,531","76,341","8,818","7,772","28,562","24,327",247,315,500
Men+,,2021,"2,054",738,"4,454","3,427","44,117","75,410","8,962","7,520","27,483","23,749",239,358,467
Men+,,2022,"2,113",699,"4,485","3,556","44,345","74,454","8,576","7,422","27,156","23,190",214,296,450
Men+,,2023,"1,999",713,"4,514","3,626","44,760","73,963","8,412","7,385","27,325","23,105",221,285,472
Men+,4 years,2014,"2,675",763,"4,745","3,667","45,616","74,817","8,211","7,510","27,610","23,642",220,330,459
Men+,,2015,"2,535",765,"4,451","3,647","45,559","74,040","8,381","7,658","27,300","23,068",209,285,433
Men+,,2016,"2,373",759,"4,567","3,676","45,616","75,329","8,500","7,582","27,832","23,819",243,320,420
Men+,,2017,"2,376",733,"4,472","3,679","46,599","75,657","8,953","7,809","27,841","24,410",257,306,444
Men+,,2018,"2,476",803,"4,392","3,675","46,573","75,879","8,924","7,821","28,075","24,379",234,333,437
Men+,,2019,"2,311",853,"4,693","3,703","46,603","77,201","9,026","7,931","28,583","24,838",231,328,438
Men+,,2020,"2,348",812,"4,708","3,643","47,330","77,502","9,049","7,777","28,954","24,683",259,317,458
Men+,,2021,"2,229",813,"4,536","3,622","45,842","77,018","8,881","7,732","28,566","24,638",252,324,505
Men+,,2022,"2,092",770,"4,592","3,588","44,791","76,711","9,007","7,578","27,931","24,313",249,345,460
Men+,,2023,"2,188",739,"4,632","3,727","45,457","76,379","8,737","7,650","28,165","23,714",234,297,443
Men+,5 to 9 years,2014,"13,174","3,855","22,893","19,048","217,109","380,325","40,494","35,827","130,295","117,300","1,070","1,525","1,985"
Men+,,2015,"13,349","3,882","23,346","19,143","223,103","382,852","41,324","36,869","135,269","119,231","1,113","1,544","2,064"
Men+,,2016,"13,325","4,011","23,616","19,514","227,630","386,895","42,441","38,022","139,243","121,240","1,124","1,510","2,104"
Men+,,2017,"13,032","4,053","23,916","19,518","231,996","390,664","43,483","38,916","141,315","123,493","1,184","1,505","2,067"
Men+,,2018,"12,712","4,107","23,941","19,391","236,979","393,451","44,294","39,522","142,354","125,270","1,227","1,497","2,095"
Men+,,2019,"12,456","4,167","23,984","19,440","239,322","395,983","44,979","39,722","143,235","125,974","1,229","1,519","2,110"
Men+,,2020,"11,979","4,245","24,151","19,594","240,441","399,039","45,482","40,056","144,010","127,156","1,229","1,492","2,101"
Men+,,2021,"11,849","4,242","24,352","19,586","239,912","400,293","45,725","39,782","144,980","128,042","1,257","1,482","2,126"
Men+,,2022,"11,922","4,368","24,872","20,019","240,164","402,873","46,182","40,006","146,839","130,485","1,242","1,503","2,244"
Men+,,2023,"12,037","4,433","25,667","20,733","241,081","408,367","47,062","40,741","150,845","132,684","1,274","1,514","2,251"
Men+,10 to 14 years,2014,"13,648","3,971","23,724","19,547","202,729","386,891","41,179","34,492","119,713","120,625","1,035","1,411","1,691"
Men+,,2015,"13,428","3,947","23,269","19,213","202,390","385,567","40,893","34,434","121,872","119,916","1,049","1,396","1,693"
Men+,,2016,"13,348","3,956","23,337","19,299","205,148","388,394","41,022","35,019","124,748","120,524","1,081","1,347","1,721"
Men+,,2017,"13,306","4,088","23,430","19,444","210,534","393,648","41,452","35,692","128,770","122,237","1,106","1,403","1,796"
Men+,,2018,"13,315","4,202","23,900","19,791","218,890","402,104","42,340","36,849","133,678","125,106","1,132","1,456","1,840"
Men+,,2019,"13,315","4,348","24,418","20,164","227,712","408,337","43,383","37,944","138,224","128,834","1,168","1,451","1,849"
Men+,,2020,"13,525","4,392","25,115","20,420","236,076","414,008","44,315","38,972","142,658","132,289","1,223","1,485","1,873"
Men+,,2021,"13,393","4,478","25,423","20,561","240,602","416,274","44,788","39,696","145,023","133,693","1,220","1,467","1,912"
Men+,,2022,"13,203","4,576","26,244","21,142","244,857","419,841","45,433","40,489","147,786","135,980","1,311","1,437","1,917"
Men+,,2023,"13,236","4,652","26,937","21,877","250,407","424,776","46,760","41,788","151,942","138,732","1,328","1,430","1,959"
Men+,15 to 19 years,2014,"14,698","4,618","27,369","21,830","229,881","442,219","44,005","36,376","127,167","144,670","1,060","1,565","1,629"
Men+,,2015,"14,691","4,560","27,253","21,587","224,647","435,996","44,505","36,405","127,539","142,585","1,051","1,492","1,630"
Men+,,2016,"14,682","4,469","26,985","21,203","220,260","434,073","45,071","36,289","127,423","143,109","1,063","1,490","1,610"
Men+,,2017,"14,469","4,328","26,725","20,818","215,878","434,085","45,457","35,862","126,953","141,562","1,046","1,376","1,630"
Men+,,2018,"14,114","4,348","26,209","20,561","214,271","435,085","45,561","35,678","127,988","141,639","1,048","1,288","1,643"
Men+,,2019,"13,912","4,427","25,944","20,429","216,252","435,220","45,123","36,032","129,561","140,505","1,035","1,300","1,685"
Men+,,2020,"13,645","4,559","25,741","20,147","218,036","433,270","43,989","35,945","130,905","138,810","1,082","1,314","1,669"
Men+,,2021,"13,480","4,447","25,248","20,105","218,660","426,179","43,457","36,158","131,968","135,802","1,129","1,368","1,629"
Men+,,2022,"14,034","4,697","26,059","21,090","225,927","443,214","44,302","37,131","137,834","143,879","1,183","1,418","1,678"
Men+,,2023,"14,282","4,918","27,237","22,203","235,445","461,668","46,169","39,075","145,441","149,794","1,214","1,426","1,693"
Men+,20 to 24 years,2014,"15,797","4,659","31,467","23,644","273,459","491,906","47,149","41,494","151,149","167,595","1,330","1,846","1,660"
Men+,,2015,"15,407","4,614","30,615","23,220","270,175","493,689","48,201","40,763","150,452","164,579","1,260","1,815","1,641"
Men+,,2016,"15,170","4,700","30,145","22,846","266,942","499,676","48,779","40,066","146,489","166,239","1,195","1,800","1,584"
Men+,,2017,"15,098","4,823","30,662","22,700","263,786","513,902","49,932","39,755","142,821","171,301","1,206","1,786","1,599"
Men+,,2018,"15,020","4,841","31,251","22,372","260,563","532,432","51,073","39,007","142,053","177,964","1,207","1,715","1,606"
Men+,,2019,"14,973","5,417","32,503","22,476","259,990","543,426","51,938","38,671","142,491","182,509","1,184","1,610","1,626"
Men+,,2020,"15,003","6,009","33,136","22,772","257,878","536,817","52,460","38,185","142,431","177,691","1,189","1,532","1,654"
Men+,,2021,"14,837","6,258","33,142","23,010","248,260","516,635","54,273","37,532","139,977","169,773","1,244","1,501","1,639"
Men+,,2022,"15,207","6,620","34,320","23,796","248,761","536,718","56,177","37,887","141,896","172,180","1,268","1,445","1,659"
Men+,,2023,"15,596","7,136","35,170","24,509","256,438","579,600","58,638","39,854","149,332","183,304","1,346","1,433","1,655"
Men+,25 to 29 years,2014,"15,234","3,987","28,677","22,033","259,677","462,476","45,267","43,431","174,064","165,448","1,343","1,912","1,597"
Men+,,2015,"15,370","4,011","28,729","21,750","261,024","470,218","46,638","43,846","176,814","167,176","1,392","1,924","1,608"
Men+,,2016,"15,508","4,099","29,305","21,705","266,588","484,318","48,368","44,149","173,736","172,799","1,468","1,970","1,698"
Men+,,2017,"15,395","4,396","30,142","21,847","276,098","500,406","49,843","43,845","169,296","177,263","1,536","1,976","1,746"
Men+,,2018,"15,134","4,684","31,053","22,051","285,854","525,163","50,988","43,279","166,541","184,272","1,589","1,984","1,721"
Men+,,2019,"14,877","4,870","32,227","22,460","292,654","547,197","51,877","42,634","163,486","191,501","1,623","1,960","1,670"
Men+,,2020,"14,481","5,006","33,072","22,683","293,207","564,500","51,858","40,780","159,592","195,501","1,582","1,925","1,681"
Men+,,2021,"14,248","5,426","34,123","23,249","287,925","572,125","52,777","39,402","155,145","198,460","1,537","1,901","1,683"
Men+,,2022,"14,383","5,914","36,013","24,171","286,930","597,660","54,447","39,410","156,133","205,091","1,603","1,909","1,658"
Men+,,2023,"15,115","6,805","39,032","25,505","296,632","645,346","59,094","40,532","165,736","218,294","1,782","1,976","1,640"
Men+,30 to 34 years,2014,"15,284","3,795","26,619","22,279","284,044","441,123","43,169","40,427","175,446","162,774","1,461","1,862","1,390"
Men+,,2015,"15,251","3,892","26,410","21,794","277,027","448,439","44,443","41,482","179,081","165,659","1,515","1,849","1,445"
Men+,,2016,"15,230","4,102","26,923","21,762","271,248","461,597","45,992","42,431","180,243","172,416","1,581","1,883","1,469"
Men+,,2017,"15,189","4,205","27,871","21,826","268,386","473,155","47,556","43,288","179,721","176,482","1,660","1,911","1,466"
Men+,,2018,"14,943","4,241","28,593","21,769","270,244","487,821","48,503","43,451","178,828","181,220","1,690","1,917","1,536"
Men+,,2019,"14,797","4,372","29,470","22,013","273,713","507,545","49,322","43,207","178,453","187,545","1,734","1,891","1,620"
Men+,,2020,"14,704","4,554","30,716","22,305","279,151","528,004","49,993","42,803","178,108","193,732","1,765","1,923","1,641"
Men+,,2021,"14,730","4,724","31,941","22,763","285,163","542,798","50,317","42,200","174,599","200,289","1,867","1,931","1,716"
Men+,,2022,"14,987","4,982","33,752","23,767","296,530","569,281","51,281","42,031","175,886","210,733","1,894","1,988","1,700"
Men+,,2023,"15,529","5,477","36,988","25,353","316,460","617,119","54,145","43,409","185,692","226,849","1,997","2,028","1,687"
Men+,35 to 39 years,2014,"15,942","4,116","26,671","23,095","281,244","426,558","40,443","36,226","156,750","148,174","1,255","1,589","1,213"
Men+,,2015,"15,634","4,072","26,065","22,957","284,594","425,971","41,321","37,273","160,074","149,668","1,305","1,637","1,225"
Men+,,2016,"15,291","4,165","25,766","22,790","287,501","432,306","42,555","38,509","162,103","155,415","1,363","1,710","1,270"
Men+,,2017,"15,235","4,260","26,359","22,641","290,343","442,335","44,113","39,838","165,934","161,911","1,489","1,685","1,314"
Men+,,2018,"15,139","4,325","27,388","22,851","293,268","458,376","45,445","40,926","171,127","169,694","1,593","1,687","1,314"
Men+,,2019,"15,171","4,317","28,406","23,210","295,144","476,546","46,859","41,622","176,336","177,537","1,657","1,744","1,295"
Men+,,2020,"15,216","4,438","29,268","23,250","292,345","492,317","47,709","42,295","179,932","184,439","1,746","1,739","1,348"
Men+,,2021,"15,198","4,629","30,156","23,561","287,517","502,852","48,487","42,383","181,467","190,377","1,842","1,742","1,339"
Men+,,2022,"15,350","4,820","31,785","24,409","286,723","519,892","49,279","42,899","183,738","197,321","1,893","1,723","1,395"
Men+,,2023,"15,834","5,063","33,926","25,637","295,673","547,976","51,340","44,895","192,260","207,928","1,989","1,740","1,447"
Men+,40 to 44 years,2014,"17,957","4,528","29,628","25,390","261,767","454,129","40,248","33,407","147,731","156,486","1,313","1,616","1,145"
Men+,,2015,"17,710","4,451","28,867","24,917","262,074","447,211","40,635","33,762","148,631","153,044","1,289","1,571","1,113"
Men+,,2016,"17,332","4,448","28,206","24,556","264,004","440,248","41,291","34,423","148,188","151,288","1,276","1,483","1,111"
Men+,,2017,"16,686","4,476","27,717","24,192","269,656","438,539","41,716","35,267","149,196","151,257","1,258","1,466","1,109"
Men+,,2018,"16,398","4,499","27,525","23,855","278,222","440,109","42,386","36,287","152,446","153,127","1,335","1,501","1,149"
Men+,,2019,"16,120","4,580","27,766","23,838","287,051","445,671","43,210","37,518","156,250","157,064","1,394","1,523","1,171"
Men+,,2020,"15,831","4,618","28,215","24,022","293,931","451,087","43,786","38,419","160,545","161,731","1,441","1,551","1,195"
Men+,,2021,"15,659","4,662","28,755","24,068","299,138","459,521","44,831","39,296","164,851","168,601","1,509","1,617","1,209"
Men+,,2022,"15,710","4,799","29,819","24,661","303,792","471,414","45,935","40,339","169,901","176,742","1,633","1,615","1,209"
Men+,,2023,"16,051","4,991","31,839","26,034","310,739","492,986","48,189","42,511","180,742","187,740","1,735","1,623","1,254"
Men+,45 to 49 years,2014,"20,216","5,030","32,969","27,482","285,348","492,550","41,321","35,048","141,139","166,162","1,345","1,682","1,115"
Men+,,2015,"19,781","4,808","31,611","26,755","274,494","478,824","40,247","33,935","139,375","165,292","1,340","1,644","1,112"
Men+,,2016,"19,531","4,845","30,986","26,484","268,543","473,209","40,102","33,701","140,437","166,363","1,387","1,705","1,132"
Men+,,2017,"19,163","4,882","30,558","26,272","263,963","470,170","40,704","33,593","142,017","164,872","1,368","1,720","1,123"
Men+,,2018,"18,464","5,028","30,370","25,997","262,576","466,882","41,113","33,710","143,609","163,020","1,360","1,661","1,085"
Men+,,2019,"17,967","5,026","30,099","25,726","262,886","462,753","41,468","33,623","145,212","160,914","1,364","1,580","1,059"
Men+,,2020,"17,599","5,005","30,076","25,386","265,065","458,460","41,685","34,021","146,564","158,935","1,332","1,538","1,059"
Men+,,2021,"17,193","4,882","29,752","25,189","267,684","452,406","41,894","34,368","147,114","157,653","1,324","1,450","1,089"
Men+,,2022,"16,865","4,881","29,848","25,181","275,393","450,987","42,093","35,077","149,545","159,434","1,326","1,442","1,096"
Men+,,2023,"16,884","4,970","30,281","25,644","286,219","456,851","43,416","36,692","155,552","163,857","1,430","1,454","1,096"
Men+,50 to 54 years,2014,"21,838","5,710","39,031","31,431","326,738","541,790","47,163","41,136","152,351","183,850","1,678","1,796",975
Men+,,2015,"21,774","5,757","38,854","31,548","324,765","543,585","46,354","40,424","149,971","184,611","1,635","1,857",994
Men+,,2016,"21,518","5,589","37,953","31,103","316,975","536,338","44,905","39,110","145,632","182,907","1,586","1,853","1,030"
Men+,,2017,"21,221","5,523","36,538","30,201","307,025","523,595","43,431","37,584","142,248","177,404","1,513","1,752","1,093"
Men+,,2018,"20,839","5,335","34,805","28,985","294,807","506,584","42,135","35,544","138,817","170,909","1,442","1,653","1,132"
Men+,,2019,"20,290","5,243","33,261","27,747","283,114","490,495","40,994","34,309","136,076","166,431","1,351","1,586","1,105"
Men+,,2020,"19,669","5,027","32,114","26,679","272,879","477,929","40,249","33,044","135,317","164,332","1,317","1,495","1,099"
Men+,,2021,"19,310","5,059","31,656","26,255","267,206","472,928","40,149","32,639","137,163","164,762","1,313","1,536","1,095"
Men+,,2022,"19,021","5,104","31,566","26,562","264,169","470,569","40,391","32,720","139,342","165,422","1,329","1,593","1,073"
Men+,,2023,"18,577","5,214","31,725","26,688","264,470","469,040","40,716","33,160","142,678","165,832","1,356","1,555","1,070"
Men+,55 to 59 years,2014,"21,432","5,472","37,074","30,558","312,618","472,871","43,023","39,311","138,544","172,187","1,611","1,518",733
Men+,,2015,"21,484","5,498","37,460","30,846","316,431","484,758","43,564","39,411","140,579","175,882","1,647","1,593",761
Men+,,2016,"21,629","5,533","38,103","31,238","321,107","497,993","44,099","39,526","141,464","179,572","1,666","1,636",798
Men+,,2017,"21,721","5,645","38,623","31,190","321,968","509,553","44,873","39,630","142,824","181,014","1,662","1,673",816
Men+,,2018,"21,743","5,748","39,030","31,352","322,518","521,926","45,520","39,925","144,092","182,485","1,616","1,712",844
Men+,,2019,"21,763","5,807","39,503","31,634","322,466","532,286","45,845","39,668","145,323","183,648","1,582","1,696",926
Men+,,2020,"21,648","5,896","39,402","31,676","320,523","534,725","45,296","38,807","144,468","182,147","1,509","1,751",914
Men+,,2021,"21,294","5,793","38,374","31,061","311,972","526,613","44,144","37,243","141,163","177,943","1,442","1,676",930
Men+,,2022,"21,061","5,702","37,172","30,335","302,513","512,759","42,438","35,686","137,746","173,871","1,375","1,550","1,001"
Men+,,2023,"20,826","5,491","35,627","29,332","291,300","496,723","41,046","33,967","135,273","168,447","1,317","1,452","1,012"
Men+,60 to 64 years,2014,"20,523","4,973","32,787","27,486","265,987","390,058","35,844","32,012","105,090","151,588","1,254","1,080",505
Men+,,2015,"20,747","5,092","33,507","28,047","273,798","402,301","36,903","33,380","110,369","155,593","1,326","1,128",542
Men+,,2016,"20,851","5,259","34,369","28,722","280,161","414,431","38,154","34,756","115,280","160,606","1,381","1,175",548
Men+,,2017,"21,026","5,289","35,395","29,602","288,230","429,489","39,298","35,934","120,777","164,330","1,436","1,240",560
Men+,,2018,"21,083","5,423","36,348","30,220","296,750","444,523","40,356","36,839","126,163","168,248","1,492","1,278",594
Men+,,2019,"21,138","5,511","36,960","30,345","302,861","458,650","41,223","37,424","130,533","171,192","1,503","1,315",569
Men+,,2020,"21,203","5,551","37,588","30,646","307,053","471,774","42,233","37,710","134,033","173,232","1,510","1,334",620
Men+,,2021,"21,379","5,593","38,227","31,023","312,043","485,012","43,149","37,841","136,471","174,741","1,510","1,370",684
Men+,,2022,"21,505","5,803","38,964","31,196","313,804","494,663","43,624","37,912","138,004","176,217","1,498","1,424",707
Men+,,2023,"21,567","5,916","39,491","31,613","314,664","505,703","44,076","38,191","139,885","178,513","1,444","1,478",762
Men+,65 to 69 years,2014,"17,030","4,488","28,844","23,696","224,908","329,337","29,258","24,314","77,522","126,790",904,681,327
Men+,,2015,"17,954","4,699","30,124","24,905","231,339","342,884","30,471","25,505","81,955","134,347",926,733,327
Men+,,2016,"18,396","4,838","30,866","25,674","237,524","353,810","31,403","26,467","86,053","140,441",986,790,346
Men+,,2017,"18,766","4,791","30,823","25,779","240,843","356,186","31,812","27,291","88,683","141,959","1,016",817,367
Men+,,2018,"19,054","4,733","30,931","26,000","244,851","361,684","32,488","28,313","92,399","143,999","1,075",850,358
Men+,,2019,"19,499","4,807","31,643","26,602","250,607","371,067","33,597","29,787","97,953","147,167","1,143",900,385
Men+,,2020,"19,836","4,916","32,460","27,156","257,920","383,086","34,828","31,327","103,761","150,538","1,205",927,428
Men+,,2021,"20,011","5,101","33,310","27,846","264,249","394,059","36,059","32,695","109,521","154,436","1,247",925,418
Men+,,2022,"20,242","5,170","34,536","28,813","273,417","408,032","37,225","33,709","115,319","158,400","1,288",952,420
Men+,,2023,"20,433","5,359","35,521","29,479","282,587","422,684","38,292","34,553","120,972","162,081","1,344",992,427
Men+,70 to 74 years,2014,"11,177","2,906","19,550","16,030","159,985","231,367","20,375","17,000","51,976","89,788",531,348,167
Men+,,2015,"11,711","3,008","20,525","16,849","169,145","240,601","21,284","17,525","54,195","93,530",570,383,185
Men+,,2016,"12,821","3,217","21,656","17,815","178,010","252,532","22,167","18,268","56,983","98,103",615,448,182
Men+,,2017,"13,868","3,629","23,545","19,284","188,497","273,774","23,898","19,593","62,183","106,468",717,501,195
Men+,,2018,"14,852","3,970","25,246","20,555","197,075","290,519","25,174","20,646","66,896","113,329",790,537,219
Men+,,2019,"15,549","4,143","26,559","21,825","205,196","305,092","26,314","21,815","71,339","119,179",835,552,232
Men+,,2020,"16,370","4,350","27,807","23,017","211,305","318,551","27,525","23,009","76,213","125,883",858,599,233
Men+,,2021,"16,827","4,449","28,550","23,819","216,725","328,986","28,484","24,041","80,288","130,953",931,630,271
Men+,,2022,"17,126","4,460","28,483","24,001","220,329","330,228","28,798","24,785","82,985","132,498",921,620,282
Men+,,2023,"17,411","4,442","28,572","24,277","224,681","334,744","29,380","25,996","87,062","134,527",967,642,276
Men+,75 to 79 years,2014,"7,408","2,018","13,731","10,840","107,204","170,929","14,486","12,928","36,814","63,674",292,228,114
Men+,,2015,"7,714","2,098","13,940","11,283","110,771","174,600","14,782","12,995","37,786","65,636",314,219,111
Men+,,2016,"7,987","2,180","14,412","11,778","116,264","179,217","15,265","13,249","39,060","67,919",338,218,104
Men+,,2017,"8,313","2,236","15,155","12,448","122,843","186,110","15,774","13,561","40,802","71,091",362,215,104
Men+,,2018,"8,793","2,305","15,865","13,159","130,253","194,843","16,456","14,123","43,256","75,304",383,243,104
Men+,,2019,"9,436","2,469","16,686","13,830","137,752","204,024","17,258","14,618","46,049","79,654",447,303,113
Men+,,2020,"9,962","2,596","17,737","14,597","146,030","212,276","18,051","15,217","48,291","83,273",519,331,127
Men+,,2021,"10,942","2,769","18,848","15,405","153,853","222,549","18,772","15,784","50,920","87,018",580,399,132
Men+,,2022,"11,879","3,140","20,501","16,726","163,751","241,428","20,362","16,891","55,769","94,107",644,432,139
Men+,,2023,"12,668","3,440","21,827","17,869","171,767","256,351","21,525","17,749","60,354","100,335",690,442,153
Men+,80 to 84 years,2014,"4,626","1,417","8,655","7,127","75,938","121,672","10,594","9,899","26,587","46,330",152,138,42
Men+,,2015,"4,720","1,388","8,976","7,210","76,836","123,670","10,561","9,870","26,914","47,140",148,143,42
Men+,,2016,"4,869","1,432","9,335","7,444","78,003","126,180","10,691","9,766","27,484","47,900",159,151,50
Men+,,2017,"5,041","1,479","9,596","7,621","78,401","128,604","10,629","9,678","27,892","48,510",182,169,53
Men+,,2018,"5,240","1,493","10,005","7,916","79,737","131,540","10,773","9,695","28,523","49,483",215,175,57
Men+,,2019,"5,397","1,498","10,485","8,320","82,476","135,819","11,027","9,812","29,296","51,026",234,168,60
Men+,,2020,"5,714","1,552","10,736","8,740","85,377","139,625","11,282","10,010","30,455","53,056",252,160,50
Men+,,2021,"6,052","1,632","11,226","9,191","90,105","143,650","11,715","10,289","31,751","55,198",277,157,53
Men+,,2022,"6,230","1,696","11,739","9,731","95,719","149,242","12,156","10,561","33,091","57,640",313,160,55
Men+,,2023,"6,565","1,763","12,339","10,277","102,412","156,183","12,629","10,917","34,907","60,773",327,192,59
Men+,85 to 89 years,2014,"2,180",660,"4,546","3,731","39,806","67,091","6,300","6,058","14,384","25,352",78,57,16
Men+,,2015,"2,232",710,"4,605","3,799","41,703","69,711","6,335","6,154","15,242","26,416",85,67,15
Men+,,2016,"2,289",714,"4,831","3,902","43,926","72,981","6,464","6,217","16,064","27,669",89,64,19
Men+,,2017,"2,382",748,"5,041","4,132","45,829","75,454","6,498","6,234","16,619","28,800",93,70,23
Men+,,2018,"2,506",771,"5,170","4,358","47,219","77,697","6,398","6,206","17,075","29,667",93,74,20
Men+,,2019,"2,661",839,"5,292","4,433","48,091","79,768","6,444","6,208","17,676","30,457",92,71,19
Men+,,2020,"2,741",846,"5,594","4,501","48,280","81,340","6,420","6,103","17,974","31,054",108,84,22
Men+,,2021,"2,856",888,"5,883","4,695","48,997","83,324","6,438","6,101","18,296","31,725",113,92,27
Men+,,2022,"2,918",930,"6,092","4,792","49,753","85,259","6,486","5,903","18,505","32,262",105,95,24
Men+,,2023,"3,009",944,"6,349","4,958","51,205","87,457","6,751","5,946","18,909","33,208",129,107,22
Men+,90 years and older,2014,885,293,"2,249","1,842","15,653","28,819","3,000","2,985","6,172","12,071",27,36,6
Men+,,2015,904,306,"2,195","1,822","16,753","30,942","3,153","3,090","6,495","12,579",27,34,8
Men+,,2016,985,340,"2,250","1,905","18,361","33,538","3,259","3,259","6,970","13,136",34,29,8
Men+,,2017,960,350,"2,231","1,879","19,640","35,445","3,346","3,355","7,443","13,550",38,25,8
Men+,,2018,960,362,"2,291","1,854","20,686","37,200","3,423","3,429","7,777","14,170",42,29,10
Men+,,2019,987,362,"2,352","1,891","21,674","38,692","3,499","3,465","8,215","14,903",51,37,8
Men+,,2020,"1,008",371,"2,403","1,969","22,326","40,332","3,512","3,533","8,715","15,623",55,42,7
Men+,,2021,"1,028",409,"2,546","2,130","23,601","42,506","3,511","3,574","9,058","16,566",66,48,8
Men+,,2022,"1,091",419,"2,664","2,237","25,069","44,235","3,513","3,590","9,287","17,057",78,53,8
Men+,,2023,"1,128",434,"2,708","2,257","26,105","45,644","3,487","3,514","9,571","17,580",78,48,9
Women+,0 years,2014,"2,217",695,"4,073","3,371","43,242","68,473","7,911","7,402","26,581","21,340",195,308,462
Women+,,2015,"2,179",617,"4,072","3,290","42,729","68,229","8,052","7,516","27,228","21,611",207,317,438
Women+,,2016,"2,140",666,"4,124","3,288","42,192","68,317","8,178","7,637","27,891","21,802",224,346,386
Women+,,2017,"2,122",665,"4,011","3,217","41,220","68,620","8,231","7,489","26,391","22,042",211,286,425
Women+,,2018,"1,940",622,"3,951","3,174","41,103","68,789","8,258","7,493","25,609","21,787",210,273,465
Women+,,2019,"1,892",661,"3,908","3,114","40,746","68,853","8,223","7,097","25,587","21,211",221,309,436
Women+,,2020,"1,804",686,"3,972","3,021","40,795","68,844","8,331","6,917","24,821","21,046",204,267,462
Women+,,2021,"1,788",701,"3,786","3,017","39,898","66,692","8,038","6,722","23,903","20,962",211,266,429
Women+,,2022,"1,853",654,"3,824","3,022","40,576","67,473","8,146","6,691","23,244","20,802",208,277,384
Women+,,2023,"1,590",618,"3,621","2,978","38,450","65,526","7,794","6,354","23,406","20,010",189,219,371
Women+,1 year,2014,"2,188",657,"4,120","3,339","43,017","69,376","8,067","7,259","26,101","21,811",185,321,405
Women+,,2015,"2,220",706,"4,044","3,377","43,431","68,990","8,066","7,427","26,598","21,672",210,294,472
Women+,,2016,"2,159",639,"4,039","3,404","43,270","69,153","8,228","7,516","27,012","21,942",231,318,441
Women+,,2017,"2,156",689,"4,223","3,338","42,583","69,458","8,264","7,679","27,895","22,182",227,342,378
Women+,,2018,"2,115",684,"4,082","3,295","41,881","69,851","8,276","7,475","26,454","22,392",220,286,430
Women+,,2019,"1,932",641,"4,051","3,265","41,473","70,102","8,287","7,461","25,794","22,126",213,271,464
Women+,,2020,"1,905",683,"4,011","3,178","40,971","70,159","8,260","7,067","25,828","21,566",226,316,442
Women+,,2021,"1,852",699,"4,018","3,069","40,491","69,194","8,310","6,857","24,861","21,606",227,277,463
Women+,,2022,"1,816",717,"3,869","3,107","40,327","67,078","8,037","6,672","24,204","21,062",209,263,425
Women+,,2023,"1,879",665,"3,899","3,158","41,122","68,399","8,165","6,778","23,969","20,886",219,259,377
Women+,2 years,2014,"2,197",709,"4,254","3,609","43,461","70,739","7,975","7,162","25,743","21,715",215,320,396
Women+,,2015,"2,195",667,"4,119","3,341","43,260","69,936","8,164","7,294","26,296","22,192",187,326,414
Women+,,2016,"2,230",728,"4,099","3,410","43,711","70,217","8,271","7,524","26,607","22,195",214,288,468
Women+,,2017,"2,185",668,"4,149","3,475","43,705","70,204","8,279","7,514","27,046","22,301",229,316,437
Women+,,2018,"2,167",702,"4,305","3,389","43,349","70,915","8,325","7,665","27,991","22,553",230,337,373
Women+,,2019,"2,102",697,"4,205","3,386","42,455","71,232","8,356","7,426","26,604","22,837",230,286,440
Women+,,2020,"1,931",658,"4,162","3,344","41,831","71,423","8,286","7,401","25,967","22,549",219,277,467
Women+,,2021,"1,922",694,"4,118","3,216","41,110","70,886","8,287","7,041","25,811","21,985",233,309,453
Women+,,2022,"1,887",732,"4,124","3,163","41,084","69,988","8,274","6,870","25,193","21,945",228,272,460
Women+,,2023,"1,846",739,"3,976","3,278","41,096","68,394","8,052","6,834","25,083","21,240",220,257,420
Women+,3 years,2014,"2,400",718,"4,289","3,624","43,597","70,120","7,875","7,184","25,947","21,972",231,312,392
Women+,,2015,"2,223",730,"4,286","3,606","43,613","71,341","8,082","7,182","26,098","22,062",221,319,399
Women+,,2016,"2,214",710,"4,190","3,418","43,670","71,172","8,299","7,415","26,521","22,595",184,333,427
Women+,,2017,"2,244",763,"4,212","3,482","44,142","71,201","8,319","7,579","26,646","22,512",210,282,464
Women+,,2018,"2,194",699,"4,255","3,572","44,422","71,640","8,337","7,519","27,139","22,635",230,310,435
Women+,,2019,"2,176",717,"4,416","3,471","44,018","72,379","8,392","7,646","28,127","22,959",237,336,378
Women+,,2020,"2,109",718,"4,311","3,477","42,913","72,542","8,423","7,369","26,716","23,358",242,292,451
Women+,,2021,"1,952",681,"4,262","3,409","41,904","72,080","8,241","7,308","26,043","22,901",230,284,457
Women+,,2022,"1,970",704,"4,264","3,345","41,776","72,008","8,310","7,079","26,146","22,373",231,299,451
Women+,,2023,"1,952",745,"4,282","3,334","41,980","71,737","8,378","7,003","25,978","22,335",231,275,451
Women+,4 years,2014,"2,468",747,"4,338","3,746","43,940","72,214","8,169","7,258","26,180","22,130",200,327,460
Women+,,2015,"2,422",743,"4,311","3,630","43,635","70,761","7,974","7,246","26,266","22,268",230,316,394
Women+,,2016,"2,293",768,"4,366","3,614","43,917","72,405","8,226","7,291","26,493","22,632",217,314,397
Women+,,2017,"2,222",735,"4,282","3,459","44,112","72,207","8,385","7,453","26,640","22,945",185,326,421
Women+,,2018,"2,251",782,"4,319","3,572","44,855","72,522","8,384","7,639","26,777","22,854",211,275,462
Women+,,2019,"2,203",734,"4,394","3,680","44,939","73,062","8,427","7,511","27,283","23,055",233,306,442
Women+,,2020,"2,197",727,"4,533","3,526","44,536","73,792","8,468","7,613","28,234","23,439",247,339,378
Women+,,2021,"2,099",723,"4,408","3,540","43,102","73,244","8,453","7,317","26,755","23,796",257,300,459
Women+,,2022,"2,016",721,"4,437","3,550","42,533","73,199","8,281","7,327","26,404","23,495",228,287,457
Women+,,2023,"2,046",748,"4,431","3,511","42,760","73,702","8,465","7,280","27,017","22,915",236,289,455
Women+,5 to 9 years,2014,"12,443","3,829","21,599","17,881","209,167","365,598","39,484","34,619","124,788","112,066",993,"1,501","1,877"
Women+,,2015,"12,567","3,870","21,930","18,373","215,318","369,464","40,713","35,834","129,637","114,097",993,"1,535","1,987"
Women+,,2016,"12,614","4,009","22,400","18,790","219,415","373,333","41,493","36,880","133,416","116,461","1,026","1,526","2,002"
Women+,,2017,"12,444","4,097","22,739","18,847","223,160","374,387","41,961","37,300","134,449","117,597","1,040","1,540","2,040"
Women+,,2018,"12,039","4,064","22,724","18,775","226,586","375,137","42,295","37,457","134,912","118,276","1,047","1,536","2,060"
Women+,,2019,"11,720","4,104","22,859","18,856","228,602","376,978","42,434","37,729","135,358","118,782","1,081","1,515","2,127"
Women+,,2020,"11,463","4,049","23,041","18,939","229,689","378,416","42,479","37,617","136,073","119,873","1,139","1,479","2,152"
Women+,,2021,"11,337","4,008","23,304","18,895","228,267","379,662","42,606","37,566","137,263","121,257","1,168","1,488","2,116"
Women+,,2022,"11,354","4,057","23,967","19,426","227,728","382,327","43,188","37,960","139,029","123,910","1,202","1,474","2,152"
Women+,,2023,"11,516","4,086","24,717","20,120","228,901","387,933","44,127","39,052","142,729","126,064","1,235","1,466","2,179"
Women+,10 to 14 years,2014,"12,854","3,974","22,712","18,728","193,844","367,642","38,853","32,997","114,257","113,303",964,"1,429","1,641"
Women+,,2015,"12,656","3,903","22,334","18,478","193,984","368,810","38,834","33,001","116,672","114,064",965,"1,432","1,654"
Women+,,2016,"12,683","3,924","22,439","18,627","197,586","373,133","39,377","33,816","119,913","115,627",983,"1,412","1,705"
Women+,,2017,"12,540","4,048","22,274","18,560","202,598","376,528","39,900","34,411","123,289","117,044","1,008","1,409","1,730"
Women+,,2018,"12,510","4,161","22,563","18,663","210,427","382,466","40,587","35,313","126,998","119,067","1,029","1,425","1,806"
Women+,,2019,"12,509","4,272","22,772","18,875","218,631","386,164","41,101","35,942","130,557","121,267","1,046","1,411","1,830"
Women+,,2020,"12,513","4,370","23,296","19,430","226,418","389,792","41,947","36,798","134,074","123,407","1,046","1,462","1,900"
Women+,,2021,"12,483","4,405","23,661","19,682","230,010","390,905","42,159","37,216","135,957","124,473","1,083","1,482","1,970"
Women+,,2022,"12,538","4,493","24,618","20,454","234,302","394,854","42,719","37,785","138,583","127,273","1,116","1,500","2,017"
Women+,,2023,"12,512","4,539","25,572","21,248","238,846","400,424","43,818","38,843","142,928","129,989","1,153","1,478","2,028"
Women+,15 to 19 years,2014,"13,798","4,384","25,796","20,142","219,525","414,019","41,141","34,003","118,514","132,011",982,"1,408","1,526"
Women+,,2015,"13,621","4,423","25,671","20,011","213,929","409,307","41,371","34,126","119,428","130,527",992,"1,402","1,553"
Women+,,2016,"13,310","4,397","25,238","19,872","209,725","408,322","41,594","34,178","119,987","131,632","1,006","1,377","1,560"
Women+,,2017,"13,266","4,394","25,107","19,944","207,265","408,066","41,720","33,943","120,375","133,318","1,035","1,381","1,570"
Women+,,2018,"13,181","4,503","24,925","19,857","206,685","409,297","41,684","33,755","121,937","134,680","1,010","1,395","1,592"
Women+,,2019,"13,061","4,554","24,926","19,965","208,785","409,774","41,674","33,860","123,557","134,299","1,028","1,415","1,661"
Women+,,2020,"12,854","4,578","24,430","19,562","209,871","407,497","40,649","33,460","124,358","132,203","1,045","1,373","1,693"
Women+,,2021,"12,636","4,487","23,659","19,171","211,061","398,540","39,906","33,494","124,876","128,414","1,047","1,354","1,700"
Women+,,2022,"12,854","4,671","24,127","19,995","217,427","413,113","41,094","34,495","129,975","136,460","1,066","1,350","1,751"
Women+,,2023,"13,145","4,848","25,199","20,934","226,117","428,529","43,081","36,457","136,466","141,545","1,095","1,349","1,782"
Women+,20 to 24 years,2014,"14,916","4,455","29,767","21,984","261,085","459,935","44,235","37,172","138,641","154,484","1,107","1,743","1,588"
Women+,,2015,"14,346","4,388","29,374","21,348","255,809","455,233","44,462","36,452","136,887","150,422","1,066","1,640","1,574"
Women+,,2016,"14,183","4,395","29,397","20,931","251,039","458,735","44,303","35,739","134,209","152,053","1,019","1,514","1,524"
Women+,,2017,"13,853","4,528","29,359","20,688","248,317","469,267","44,500","35,464","132,454","156,432","1,087","1,510","1,545"
Women+,,2018,"13,613","4,689","29,293","20,530","245,823","482,133","44,949","35,109","132,018","163,656","1,151","1,459","1,583"
Women+,,2019,"13,628","5,036","29,720","20,604","244,114","490,254","45,548","35,003","132,936","169,864","1,161","1,389","1,582"
Women+,,2020,"13,660","5,532","29,935","20,828","241,419","488,578","45,642","34,658","133,075","169,215","1,168","1,419","1,584"
Women+,,2021,"13,534","5,903","29,695","21,222","233,516","472,255","46,801","34,379","131,150","163,687","1,227","1,380","1,568"
Women+,,2022,"13,793","6,229","30,661","22,093","235,650","487,755","48,212","34,653","133,418","167,470","1,288","1,390","1,563"
Women+,,2023,"14,128","6,878","31,285","22,660","240,826","518,856","50,355","35,955","140,731","175,896","1,335","1,457","1,594"
Women+,25 to 29 years,2014,"14,972","4,030","27,927","20,809","249,931","456,345","43,377","40,258","163,365","162,389","1,428","1,795","1,554"
Women+,,2015,"14,962","4,096","28,174","20,608","249,569","457,130","44,142","40,378","164,995","162,707","1,430","1,803","1,560"
Women+,,2016,"14,722","4,159","28,674","20,468","252,507","463,448","45,487","40,312","162,820","165,998","1,456","1,837","1,607"
Women+,,2017,"14,655","4,289","29,243","20,691","260,969","474,979","46,484","40,203","160,340","170,103","1,514","1,822","1,626"
Women+,,2018,"14,307","4,467","29,837","20,925","269,242","493,471","46,949","39,722","158,674","175,021","1,550","1,794","1,613"
Women+,,2019,"14,026","4,669","30,729","21,353","274,579","510,072","47,379","38,865","156,666","180,816","1,569","1,776","1,632"
Women+,,2020,"13,488","4,855","31,272","21,529","274,378","521,149","47,064","37,683","153,284","183,757","1,599","1,717","1,687"
Women+,,2021,"13,281","5,035","31,877","21,832","269,178","521,991","46,943","36,435","148,575","186,513","1,613","1,702","1,679"
Women+,,2022,"13,245","5,354","33,102","22,450","267,323","542,485","47,870","36,217","149,213","194,520","1,690","1,708","1,642"
Women+,,2023,"13,778","6,017","35,264","23,447","272,944","582,161","50,872","37,249","157,350","207,700","1,811","1,704","1,649"
Women+,30 to 34 years,2014,"15,954","4,096","27,835","22,267","274,302","460,679","43,321","38,811","168,935","163,636","1,460","1,828","1,459"
Women+,,2015,"15,769","4,069","27,438","22,009","268,747","463,441","43,993","39,833","173,037","165,506","1,526","1,837","1,455"
Women+,,2016,"15,671","4,243","27,756","21,909","263,271","469,087","45,028","40,787","174,737","170,216","1,657","1,853","1,478"
Women+,,2017,"15,368","4,372","28,247","21,793","261,146","474,584","45,784","41,408","174,476","172,803","1,736","1,837","1,492"
Women+,,2018,"15,022","4,439","28,672","21,801","262,577","483,714","46,451","41,255","173,886","176,715","1,779","1,825","1,498"
Women+,,2019,"14,586","4,569","29,414","21,928","264,953","498,054","46,851","41,299","174,046","182,069","1,809","1,826","1,523"
Women+,,2020,"14,545","4,880","30,424","22,167","269,584","513,459","47,153","41,235","174,574","187,632","1,890","1,848","1,547"
Women+,,2021,"14,524","5,072","31,495","22,574","274,604","521,909","47,316","40,672","172,391","192,989","1,925","1,906","1,589"
Women+,,2022,"14,712","5,181","33,443","23,599","282,840","543,442","48,102","40,369","173,641","203,376","1,995","1,909","1,632"
Women+,,2023,"15,099","5,471","36,093","25,341","296,210","580,944","50,217","41,517","182,897","217,475","2,093","1,869","1,605"
Women+,35 to 39 years,2014,"16,773","4,465","28,654","23,642","272,347","454,802","41,046","34,423","149,992","152,800","1,375","1,665","1,156"
Women+,,2015,"16,626","4,467","28,394","23,234","276,467","455,051","41,725","35,623","155,640","154,759","1,411","1,751","1,230"
Women+,,2016,"16,554","4,461","28,317","23,181","280,117","459,862","42,811","37,036","159,412","159,063","1,451","1,748","1,212"
Women+,,2017,"16,296","4,607","28,641","22,971","282,107","465,068","43,809","38,135","163,479","164,210","1,487","1,742","1,227"
Women+,,2018,"16,028","4,701","29,241","23,209","284,806","474,393","44,693","39,454","168,030","170,115","1,554","1,712","1,243"
Women+,,2019,"15,947","4,827","29,644","23,692","285,746","484,573","45,697","40,324","172,116","176,377","1,675","1,686","1,268"
Women+,,2020,"15,658","4,884","30,065","23,866","284,120","495,342","46,203","40,911","175,378","181,503","1,772","1,643","1,256"
Women+,,2021,"15,530","5,024","30,616","24,063","279,112","501,893","46,408","41,167","176,826","186,180","1,890","1,636","1,266"
Women+,,2022,"15,507","5,254","31,891","24,919","278,574","514,716","46,974","42,076","179,628","192,702","1,990","1,640","1,308"
Women+,,2023,"16,073","5,470","33,737","26,107","282,755","535,206","49,236","43,745","187,425","202,200","2,073","1,696","1,340"
Women+,40 to 44 years,2014,"18,943","4,742","31,463","25,660","253,281","471,775","40,783","32,238","138,253","163,519","1,407","1,582","1,007"
Women+,,2015,"18,569","4,687","30,927","25,586","254,278","468,892","40,736","32,604","140,706","160,968","1,463","1,534",994
Women+,,2016,"17,985","4,720","30,253","25,208","256,629","465,339","40,821","33,355","142,851","159,347","1,466","1,541",997
Women+,,2017,"17,508","4,762","29,608","25,061","262,059","464,917","41,229","34,244","144,951","158,773","1,458","1,520",993
Women+,,2018,"17,100","4,800","29,212","24,848","269,863","466,338","41,730","34,842","147,457","159,120","1,463","1,512","1,022"
Women+,,2019,"16,720","4,963","29,278","24,604","277,463","469,238","42,501","35,741","151,217","160,947","1,490","1,563","1,058"
Women+,,2020,"16,496","5,022","29,679","24,506","283,940","470,815","42,993","36,557","155,018","164,318","1,503","1,602","1,100"
Women+,,2021,"16,337","5,034","30,098","24,585","288,834","474,155","43,519","37,186","158,570","168,977","1,549","1,590","1,101"
Women+,,2022,"16,355","5,208","31,395","24,975","292,545","482,497","44,538","38,326","164,519","176,981","1,602","1,597","1,112"
Women+,,2023,"16,587","5,520","33,007","26,282","297,495","499,055","46,629","40,693","174,488","186,784","1,724","1,605","1,152"
Women+,45 to 49 years,2014,"20,849","5,143","34,174","27,828","278,908","499,480","41,574","33,298","133,420","172,288","1,407","1,577","1,034"
Women+,,2015,"20,499","4,996","32,776","26,653","268,919","488,326","40,891","32,270","132,674","173,100","1,352","1,587","1,053"
Women+,,2016,"20,202","5,008","32,330","26,267","263,639","486,590","40,903","32,120","134,115","175,429","1,386","1,575","1,071"
Women+,,2017,"19,833","5,121","32,163","26,089","258,126","486,893","40,996","32,352","135,759","174,408","1,422","1,572","1,131"
Women+,,2018,"19,321","5,079","32,012","26,024","254,825","486,606","41,057","32,804","137,573","172,558","1,446","1,546","1,120"
Women+,,2019,"18,802","5,130","32,023","26,104","254,615","485,053","41,058","32,995","138,871","169,832","1,443","1,514","1,104"
Women+,,2020,"18,350","5,131","31,702","26,125","256,158","482,837","40,932","33,183","140,348","167,231","1,497","1,474","1,102"
Women+,,2021,"17,874","5,127","31,144","25,946","258,412","476,527","40,924","33,455","141,164","165,152","1,488","1,450","1,097"
Women+,,2022,"17,538","5,126","30,986","26,223","265,705","474,840","41,076","34,043","144,081","166,249","1,471","1,417","1,033"
Women+,,2023,"17,374","5,244","31,250","26,522","275,702","478,882","42,128","35,099","149,582","169,012","1,473","1,407",984
Women+,50 to 54 years,2014,"21,904","6,105","40,151","31,858","321,962","543,235","46,472","39,435","145,511","189,588","1,715","1,690",820
Women+,,2015,"22,092","6,026","39,976","31,878","319,585","545,644","46,459","38,945","144,817","190,368","1,700","1,759",867
Women+,,2016,"21,985","5,856","38,917","31,292","311,840","538,400","45,442","37,911","141,712","189,082","1,606","1,751",934
Women+,,2017,"21,764","5,698","37,582","30,322","301,609","529,004","44,076","36,397","138,041","183,870","1,513","1,691",973
Women+,,2018,"21,462","5,525","36,193","29,218","288,843","516,320","42,522","34,642","134,490","178,240","1,399","1,621","1,025"
Women+,,2019,"21,054","5,329","34,766","28,083","276,572","505,475","41,220","33,181","132,589","174,347","1,326","1,530","1,039"
Women+,,2020,"20,514","5,245","33,701","26,963","265,439","497,643","40,199","32,236","131,836","173,148","1,264","1,507","1,099"
Women+,,2021,"20,072","5,324","33,508","26,656","259,688","497,548","40,032","32,017","133,471","174,444","1,315","1,484","1,140"
Women+,,2022,"19,804","5,408","33,576","26,773","256,529","496,423","40,240","32,132","135,350","175,690","1,369","1,493","1,185"
Women+,,2023,"19,531","5,441","33,585","26,946","255,891","496,061","40,731","32,589","138,294","176,160","1,433","1,446","1,167"
Women+,55 to 59 years,2014,"21,762","5,741","38,751","31,165","311,145","486,915","42,262","37,639","131,291","178,941","1,440","1,347",618
Women+,,2015,"21,764","5,878","39,042","31,322","316,120","496,900","43,026","37,871","134,669","183,938","1,483","1,374",662
Women+,,2016,"21,951","5,955","39,590","31,660","321,012","509,198","44,126","38,054","137,368","188,417","1,578","1,437",677
Women+,,2017,"21,993","5,991","40,124","31,875","320,951","519,181","44,891","38,399","139,647","189,175","1,622","1,456",726
Women+,,2018,"22,023","6,093","40,409","31,898","320,538","530,385","45,295","38,769","141,704","190,300","1,645","1,492",764
Women+,,2019,"21,918","6,262","40,670","32,191","318,311","540,184","45,682","38,855","143,055","191,062","1,627","1,494",777
Women+,,2020,"21,946","6,248","40,770","32,340","314,580","544,142","45,500","38,285","142,508","188,565","1,590","1,529",776
Women+,,2021,"21,835","6,079","39,849","31,783","305,288","537,478","44,317","37,144","139,142","184,188","1,467","1,457",834
Women+,,2022,"21,753","6,009","38,795","30,941","296,322","528,016","42,840","35,631","136,214","180,949","1,355","1,423",890
Women+,,2023,"21,649","5,814","37,558","30,061","285,425","516,573","41,500","34,096","134,422","177,711","1,263","1,390",955
Women+,60 to 64 years,2014,"20,530","5,273","34,374","28,290","267,945","416,254","36,656","31,133","102,958","156,261","1,132",890,437
Women+,,2015,"20,906","5,336","35,362","29,210","276,310","429,123","37,866","32,601","107,971","162,854","1,208",968,427
Women+,,2016,"21,187","5,528","36,172","29,991","283,128","442,065","38,883","33,853","113,561","169,923","1,256","1,036",452
Women+,,2017,"21,477","5,744","37,057","30,605","291,567","456,695","39,955","35,121","119,246","174,522","1,321","1,092",480
Women+,,2018,"21,769","5,850","38,085","31,160","300,037","469,381","40,835","36,175","124,365","178,676","1,392","1,103",517
Women+,,2019,"21,902","5,849","38,738","31,460","306,629","481,182","41,532","36,934","128,556","181,475","1,445","1,128",535
Women+,,2020,"21,943","5,953","39,248","31,604","311,038","492,254","42,332","37,350","132,233","183,511","1,445","1,125",579
Women+,,2021,"22,048","6,037","40,028","32,011","315,127","504,436","43,297","37,560","134,897","185,152","1,494","1,192",606
Women+,,2022,"22,085","6,189","40,928","32,482","315,451","513,179","43,970","37,839","137,880","186,667","1,541","1,239",633
Women+,,2023,"22,086","6,347","41,377","32,563","315,608","524,431","44,491","38,213","141,199","188,698","1,533","1,270",645
Women+,65 to 69 years,2014,"17,524","4,640","30,396","24,135","233,494","356,622","30,304","24,664","79,758","131,199",761,540,280
Women+,,2015,"18,401","4,927","31,599","25,587","239,450","373,065","31,787","25,689","84,370","140,053",807,595,299
Women+,,2016,"18,781","5,110","32,622","26,571","245,277","385,862","32,834","26,618","88,446","147,486",868,621,311
Women+,,2017,"19,187","5,046","32,662","26,911","248,449","388,914","33,417","27,228","90,938","149,699",922,669,309
Women+,,2018,"19,735","5,070","32,885","27,469","252,591","395,258","34,207","28,172","94,489","152,652",968,737,329
Women+,,2019,"20,248","5,188","33,741","27,990","258,688","406,632","35,432","29,620","99,948","157,067","1,049",779,345
Women+,,2020,"20,666","5,295","34,812","28,929","266,592","419,380","36,631","31,245","105,275","161,615","1,129",829,344
Women+,,2021,"21,022","5,529","35,765","29,708","272,991","431,501","37,442","32,713","111,234","166,331","1,181",840,358
Women+,,2022,"21,242","5,756","36,894","30,535","282,680","445,864","38,591","34,004","117,351","171,521","1,218",874,373
Women+,,2023,"21,541","5,895","38,015","31,256","291,901","459,261","39,737","35,167","123,812","176,093","1,294",909,401
Women+,70 to 74 years,2014,"11,506","3,201","21,622","17,114","175,427","261,867","22,028","18,559","55,963","94,519",410,317,161
Women+,,2015,"12,030","3,311","22,447","17,749","183,101","269,993","22,599","18,914","58,200","98,827",434,333,155
Women+,,2016,"13,216","3,494","23,514","18,523","191,131","281,484","23,497","19,311","61,295","103,499",475,356,163
Women+,,2017,"14,417","3,802","25,632","20,196","201,575","304,080","25,341","20,582","66,512","112,777",566,392,187
Women+,,2018,"15,458","4,192","27,344","21,731","210,601","322,715","26,971","21,636","71,426","120,492",639,412,191
Women+,,2019,"16,532","4,400","28,736","23,016","218,673","339,013","28,582","22,829","76,180","127,260",695,462,198
Women+,,2020,"17,597","4,662","30,030","24,337","224,574","355,491","30,197","23,972","81,081","135,000",768,512,217
Women+,,2021,"18,034","4,803","31,109","25,186","230,289","367,611","31,360","25,073","84,944","140,769",854,548,245
Women+,,2022,"18,420","4,861","31,194","25,621","233,972","370,720","31,776","25,650","87,977","143,057",864,565,256
Women+,,2023,"18,827","4,960","31,474","26,220","239,086","378,078","32,406","26,599","92,341","146,462",895,605,280
Women+,75 to 79 years,2014,"8,457","2,451","15,998","12,644","129,847","205,161","17,280","15,347","42,841","70,232",265,229,88
Women+,,2015,"8,494","2,475","16,417","12,877","132,036","209,250","17,305","15,334","43,714","72,221",264,215,94
Women+,,2016,"8,693","2,506","16,897","13,512","136,227","214,265","17,698","15,697","45,026","75,118",283,220,96
Women+,,2017,"9,131","2,596","17,635","14,106","142,580","221,879","18,276","15,925","46,793","78,402",285,243,101
Women+,,2018,"9,699","2,684","18,516","14,706","149,660","230,358","19,011","16,160","48,911","82,606",324,282,112
Women+,,2019,"10,270","2,867","19,390","15,409","157,336","238,864","19,733","16,550","51,267","87,366",384,311,109
Women+,,2020,"10,923","2,994","20,142","16,057","165,122","246,226","20,423","17,011","53,470","91,440",428,336,111
Women+,,2021,"12,190","3,186","21,304","16,851","172,914","256,395","21,377","17,488","56,240","95,450",482,373,118
Women+,,2022,"13,170","3,511","23,260","18,404","183,090","277,730","23,026","18,628","61,564","103,734",548,379,135
Women+,,2023,"14,039","3,846","24,797","19,799","191,533","295,600","24,596","19,581","66,735","110,895",604,391,138
Women+,80 to 84 years,2014,"6,017","1,812","12,311","9,914","107,571","162,512","14,523","13,411","34,167","54,942",197,137,44
Women+,,2015,"5,955","1,844","12,342","9,974","106,559","163,487","14,171","13,107","34,212","55,286",210,149,46
Women+,,2016,"6,029","1,937","12,395","10,117","105,762","164,646","14,090","12,938","34,607","55,981",206,139,50
Women+,,2017,"6,242","1,985","12,553","10,043","105,502","166,538","13,961","12,858","35,031","57,025",209,145,53
Women+,,2018,"6,501","1,976","12,804","10,180","106,316","169,637","14,104","12,976","35,671","58,523",218,143,53
Women+,,2019,"6,887","2,060","13,160","10,566","108,632","174,738","14,404","12,844","36,606","60,528",213,172,50
Women+,,2020,"7,212","2,115","13,656","10,858","111,666","179,446","14,691","12,918","37,424","62,852",220,201,57
Women+,,2021,"7,580","2,173","14,244","11,453","116,703","184,585","15,133","13,083","38,784","65,869",239,228,63
Women+,,2022,"7,840","2,263","14,818","11,906","121,735","190,597","15,571","13,300","40,239","68,393",226,253,69
Women+,,2023,"8,161","2,315","15,471","12,305","127,284","197,501","16,129","13,586","42,301","71,614",256,264,70
Women+,85 to 89 years,2014,"3,759","1,211","8,257","6,872","73,102","112,063","10,699","9,962","22,795","38,399",80,76,18
Women+,,2015,"3,781","1,169","8,220","6,769","73,759","113,386","10,692","9,887","23,281","38,923",95,73,22
Women+,,2016,"3,799","1,188","8,318","6,787","75,203","115,820","10,621","9,837","23,974","39,579",107,82,21
Women+,,2017,"3,827","1,225","8,429","6,940","77,279","117,868","10,672","9,821","24,417","40,012",116,84,22
Women+,,2018,"3,850","1,290","8,540","6,895","78,134","119,443","10,556","9,792","24,992","40,562",125,78,24
Women+,,2019,"3,878","1,326","8,670","6,965","78,656","120,742","10,415","9,910","25,321","40,992",134,84,32
Women+,,2020,"3,924","1,360","8,821","7,118","78,464","121,869","10,300","9,707","25,892","41,467",147,93,39
Women+,,2021,"4,085","1,407","8,869","7,220","78,684","123,315","10,441","9,682","26,039","41,960",147,74,38
Women+,,2022,"4,270","1,427","8,947","7,277","78,603","124,791","10,311","9,497","26,313","42,865",155,84,35
Women+,,2023,"4,447","1,452","9,108","7,297","78,719","127,462","10,336","9,448","26,894","44,316",148,96,41
Women+,90 years and older,2014,"2,313",891,"6,159","4,970","46,044","73,122","8,309","7,543","15,070","27,200",72,48,6
Women+,,2015,"2,315",859,"6,012","4,957","47,974","76,231","8,326","7,725","15,503","27,934",71,48,6
Women+,,2016,"2,369",889,"6,078","5,075","50,709","80,317","8,515","7,781","16,139","28,684",71,47,6
Women+,,2017,"2,357",910,"6,040","5,048","52,065","83,168","8,482","7,814","16,790","29,115",70,51,7
Women+,,2018,"2,402",898,"6,055","5,093","53,456","85,371","8,529","7,891","17,242","29,618",66,60,8
Women+,,2019,"2,420",916,"5,974","5,062","55,021","87,900","8,573","7,894","17,875","30,114",65,62,8
Women+,,2020,"2,517",936,"5,961","5,017","55,715","89,891","8,656","8,069","18,385","30,775",69,55,8
Women+,,2021,"2,581",947,"6,131","5,148","58,181","92,856","8,642","8,042","18,974","31,821",74,89,14
Women+,,2022,"2,543",967,"6,214","5,098","60,165","94,942","8,681","7,939","19,270","32,083",64,87,14
Women+,,2023,"2,537",976,"6,274","5,097","61,418","96,091","8,556","7,814","19,492","32,449",69,81,12
